id,name,Capacity,Access,Bicycle_parking,Covered,nodeId,latitude,longitude,iconUrl
cycleparking-w396664459,Un-named place of interest,,,stands,yes,0,53.66273,-1.48098,https://www.cyclestreets.net/images/pois/iconsets/osm/transport_parking_bicycle.n.16.png
cycleparking-w914078552,Un-named place of interest,,,stands,yes,0,53.7256,-1.34171,https://www.cyclestreets.net/images/pois/iconsets/osm/transport_parking_bicycle.n.16.png
cycleparking-w914078553,Un-named place of interest,,,stands,yes,0,53.72561,-1.34167,https://www.cyclestreets.net/images/pois/iconsets/osm/transport_parking_bicycle.n.16.png
cycleparking-w892721379,Un-named place of interest,,,stands,,0,53.72694,-1.31562,https://www.cyclestreets.net/images/pois/iconsets/osm/transport_parking_bicycle.n.16.png
cycleparking-w901067260,Un-named place of interest,6,,stands,no,0,53.69273,-1.30851,https://www.cyclestreets.net/images/pois/iconsets/osm/transport_parking_bicycle.n.16.png
cycleparking-w922463681,Morrisons,,customers,stands,no,0,53.69388,-1.31169,https://www.cyclestreets.net/images/pois/iconsets/osm/transport_parking_bicycle.n.16.png
cycleparking-w963927849,Un-named place of interest,5,yes,stands,no,0,53.69226,-1.31348,https://www.cyclestreets.net/images/pois/iconsets/osm/transport_parking_bicycle.n.16.png
cycleparking-w963927850,Un-named place of interest,5,yes,stands,no,0,53.69255,-1.31282,https://www.cyclestreets.net/images/pois/iconsets/osm/transport_parking_bicycle.n.16.png
cycleparking-w862442541,Un-named place of interest,6,yes,stands,yes,0,53.69096,-1.30714,https://www.cyclestreets.net/images/pois/iconsets/osm/transport_parking_bicycle.n.16.png
cycleparking-w862442542,Un-named place of interest,6,yes,stands,yes,0,53.691,-1.30708,https://www.cyclestreets.net/images/pois/iconsets/osm/transport_parking_bicycle.n.16.png
cycleparking-w887603208,Un-named place of interest,6,yes,stands,yes,0,53.68986,-1.30818,https://www.cyclestreets.net/images/pois/iconsets/osm/transport_parking_bicycle.n.16.png
cycleparking-w860566517,Un-named place of interest,5,,stands,yes,0,53.70115,-1.28823,https://www.cyclestreets.net/images/pois/iconsets/osm/transport_parking_bicycle.n.16.png
cycleparking-w863230633,Un-named place of interest,6,yes,stands,yes,0,53.69857,-1.304,https://www.cyclestreets.net/images/pois/iconsets/osm/transport_parking_bicycle.n.16.png
cycleparking-w1069392672,Un-named place of interest,,,building,,0,53.72971,-1.86925,https://www.cyclestreets.net/images/pois/iconsets/osm/transport_parking_bicycle.n.16.png
cycleparking-w871790045,Un-named place of interest,5,,,yes,0,53.71821,-1.39533,https://www.cyclestreets.net/images/pois/iconsets/osm/transport_parking_bicycle.n.16.png
cycleparking-w1059539805,Un-named place of interest,,private,shed,yes,0,53.7059,-1.83278,https://www.cyclestreets.net/images/pois/iconsets/osm/transport_parking_bicycle.n.16.png
cycleparking-w1041113414,Un-named place of interest,,private,shed,yes,0,53.69536,-1.76924,https://www.cyclestreets.net/images/pois/iconsets/osm/transport_parking_bicycle.n.16.png
cycleparking-w1041113428,Un-named place of interest,,private,shed,yes,0,53.69635,-1.76882,https://www.cyclestreets.net/images/pois/iconsets/osm/transport_parking_bicycle.n.16.png
cycleparking-w881615810,Un-named place of interest,,,,,0,53.65877,-1.5572,https://www.cyclestreets.net/images/pois/iconsets/osm/transport_parking_bicycle.n.16.png
cycleparking-w840862386,Un-named place of interest,,private,shed,yes,0,53.69677,-1.30638,https://www.cyclestreets.net/images/pois/iconsets/osm/transport_parking_bicycle.n.16.png
cycleparking-w1011625196,Un-named place of interest (Lies within a private area.),,,,,0,53.69213,-1.26921,https://www.cyclestreets.net/images/pois/iconsets/osm/transport_parking_bicycle.n.16.png
cycleparking-w100055739,Un-named place of interest,,,,yes,0,53.7381,-2.00941,https://www.cyclestreets.net/images/pois/iconsets/osm/transport_parking_bicycle.n.16.png
cycleparking-w100055740,Un-named place of interest,,,,yes,0,53.73815,-2.0094,https://www.cyclestreets.net/images/pois/iconsets/osm/transport_parking_bicycle.n.16.png
cycleparking-w100055741,Cycle and Ride,,,,yes,0,53.73814,-2.00952,https://www.cyclestreets.net/images/pois/iconsets/osm/transport_parking_bicycle.n.16.png
cycleparking-n1334805223,Un-named bicycle_parking,4,,,,1334805223,53.68481,-1.83663,https://www.cyclestreets.net/images/pois/iconsets/osm/transport_parking_bicycle.n.16.png
cycleparking-n521935136,Un-named bicycle_parking,,,,,521935136,53.77222,-1.73322,https://www.cyclestreets.net/images/pois/iconsets/osm/transport_parking_bicycle.n.16.png
cycleparking-w894126887,Un-named place of interest,,,shed,,0,53.70895,-1.51808,https://www.cyclestreets.net/images/pois/iconsets/osm/transport_parking_bicycle.n.16.png
cycleparking-w1228127393,Un-named place of interest,,,shed,,0,53.7262,-1.44914,https://www.cyclestreets.net/images/pois/iconsets/osm/transport_parking_bicycle.n.16.png
cycleparking-n1716652541,Un-named bicycle_parking,,,,,1716652541,53.63382,-1.43317,https://www.cyclestreets.net/images/pois/iconsets/osm/transport_parking_bicycle.n.16.png
cycleparking-w930884137,Wakefield College,12,,stands,no,0,53.68596,-1.50383,https://www.cyclestreets.net/images/pois/iconsets/osm/transport_parking_bicycle.n.16.png
cycleparking-w931973481,Trinity Walk,10,customers,stands,no,0,53.68522,-1.49418,https://www.cyclestreets.net/images/pois/iconsets/osm/transport_parking_bicycle.n.16.png
cycleparking-w931979319,Un-named place of interest,5,customers,stands,yes,0,53.68557,-1.49468,https://www.cyclestreets.net/images/pois/iconsets/osm/transport_parking_bicycle.n.16.png
cycleparking-w861264935,Un-named place of interest,6,,stands,yes,0,53.69375,-1.48876,https://www.cyclestreets.net/images/pois/iconsets/osm/transport_parking_bicycle.n.16.png
cycleparking-w861264936,Un-named place of interest,6,,stands,yes,0,53.69373,-1.48867,https://www.cyclestreets.net/images/pois/iconsets/osm/transport_parking_bicycle.n.16.png
cycleparking-w861285810,Un-named place of interest,6,,stands,yes,0,53.69334,-1.48944,https://www.cyclestreets.net/images/pois/iconsets/osm/transport_parking_bicycle.n.16.png
cycleparking-w871046200,Un-named place of interest,30,yes,stands,yes,0,53.69337,-1.48718,https://www.cyclestreets.net/images/pois/iconsets/osm/transport_parking_bicycle.n.16.png
cycleparking-w860910277,Un-named place of interest,,private,shed,yes,0,53.68265,-1.50709,https://www.cyclestreets.net/images/pois/iconsets/osm/transport_parking_bicycle.n.16.png
cycleparking-w860919207,Un-named place of interest,5,yes,stands,yes,0,53.6828,-1.50506,https://www.cyclestreets.net/images/pois/iconsets/osm/transport_parking_bicycle.n.16.png
cycleparking-w860919208,Un-named place of interest,5,yes,stands,yes,0,53.68276,-1.50513,https://www.cyclestreets.net/images/pois/iconsets/osm/transport_parking_bicycle.n.16.png
cycleparking-w860919209,Un-named place of interest,5,yes,stands,yes,0,53.68284,-1.505,https://www.cyclestreets.net/images/pois/iconsets/osm/transport_parking_bicycle.n.16.png
cycleparking-n1039320875,Un-named bicycle_parking,5,,,yes,1039320875,53.71574,-1.51071,https://www.cyclestreets.net/images/pois/iconsets/osm/transport_parking_bicycle.n.16.png
cycleparking-n384951496,Un-named bicycle_parking,4,,lockers,,384951496,53.67344,-1.69298,https://www.cyclestreets.net/images/pois/iconsets/osm/transport_parking_bicycle.n.16.png
cycleparking-n1124793810,Beck Retail Park,5,yes,stands,no,1124793810,53.6776,-1.49478,https://www.cyclestreets.net/images/pois/iconsets/osm/transport_parking_bicycle.n.16.png
cycleparking-n1124793893,Beck Retail Park,8,yes,stands,no,1124793893,53.67754,-1.49502,https://www.cyclestreets.net/images/pois/iconsets/osm/transport_parking_bicycle.n.16.png
cycleparking-n1039320829,Un-named bicycle_parking,4,,stands,no,1039320829,53.68322,-1.49476,https://www.cyclestreets.net/images/pois/iconsets/osm/transport_parking_bicycle.n.16.png
cycleparking-n1039320834,Un-named bicycle_parking,3,yes,stands,no,1039320834,53.68461,-1.50212,https://www.cyclestreets.net/images/pois/iconsets/osm/transport_parking_bicycle.n.16.png
cycleparking-n1039320841,Un-named bicycle_parking,6,,stands,no,1039320841,53.68446,-1.49949,https://www.cyclestreets.net/images/pois/iconsets/osm/transport_parking_bicycle.n.16.png
cycleparking-n1039320873,Un-named bicycle_parking,4,,,,1039320873,53.68406,-1.50131,https://www.cyclestreets.net/images/pois/iconsets/osm/transport_parking_bicycle.n.16.png
cycleparking-n1039320877,Un-named bicycle_parking,2,,,,1039320877,53.68273,-1.49466,https://www.cyclestreets.net/images/pois/iconsets/osm/transport_parking_bicycle.n.16.png
cycleparking-n1039320881,Un-named bicycle_parking,6,,stands,no,1039320881,53.68231,-1.50017,https://www.cyclestreets.net/images/pois/iconsets/osm/transport_parking_bicycle.n.16.png
cycleparking-n1039320908,Un-named bicycle_parking,5,,,,1039320908,53.68377,-1.50037,https://www.cyclestreets.net/images/pois/iconsets/osm/transport_parking_bicycle.n.16.png
cycleparking-n1039320822,Un-named bicycle_parking,5,,,yes,1039320822,53.67886,-1.48906,https://www.cyclestreets.net/images/pois/iconsets/osm/transport_parking_bicycle.n.16.png
cycleparking-n698846561,Sandal Castle,8,customers,stands,yes,698846561,53.6584,-1.4892,https://www.cyclestreets.net/images/pois/iconsets/osm/transport_parking_bicycle.n.16.png
cycleparking-w368251095,Un-named place of interest,14,,lockers,,0,53.89217,-1.73554,https://www.cyclestreets.net/images/pois/iconsets/osm/transport_parking_bicycle.n.16.png
cycleparking-w295232117,Un-named place of interest,10,customers,lockers,yes,0,53.8999,-1.94468,https://www.cyclestreets.net/images/pois/iconsets/osm/transport_parking_bicycle.n.16.png
cycleparking-n631656356,Un-named bicycle_parking,,,,,631656356,53.84679,-1.82906,https://www.cyclestreets.net/images/pois/iconsets/osm/transport_parking_bicycle.n.16.png
cycleparking-n1447395287,Un-named bicycle_parking,,,stands,no,1447395287,53.86772,-1.90024,https://www.cyclestreets.net/images/pois/iconsets/osm/transport_parking_bicycle.n.16.png
cycleparking-n1655190296,Un-named bicycle_parking,,,,,1655190296,53.87476,-1.90601,https://www.cyclestreets.net/images/pois/iconsets/osm/transport_parking_bicycle.n.16.png
cycleparking-w178155161,Un-named place of interest,,,,,0,53.79525,-1.54677,https://www.cyclestreets.net/images/pois/iconsets/osm/transport_parking_bicycle.n.16.png
cycleparking-w414019050,Un-named place of interest,4,,stands,,0,53.78887,-1.32556,https://www.cyclestreets.net/images/pois/iconsets/osm/transport_parking_bicycle.n.16.png
cycleparking-n1877261072,Un-named bicycle_parking,4,,stands,no,1877261072,53.90602,-1.69469,https://www.cyclestreets.net/images/pois/iconsets/osm/transport_parking_bicycle.n.16.png
cycleparking-n983323537,Un-named bicycle_parking,10,,stands,yes,983323537,53.80446,-1.68071,https://www.cyclestreets.net/images/pois/iconsets/osm/transport_parking_bicycle.n.16.png
cycleparking-n1132773212,Un-named bicycle_parking,6,,,,1132773212,53.79338,-1.75174,https://www.cyclestreets.net/images/pois/iconsets/osm/transport_parking_bicycle.n.16.png
cycleparking-n1132773222,Un-named bicycle_parking,4,,,,1132773222,53.79485,-1.75173,https://www.cyclestreets.net/images/pois/iconsets/osm/transport_parking_bicycle.n.16.png
cycleparking-n1132773223,Un-named bicycle_parking,,,,,1132773223,53.79488,-1.75327,https://www.cyclestreets.net/images/pois/iconsets/osm/transport_parking_bicycle.n.16.png
cycleparking-w675029221,Un-named place of interest,,private,stands,yes,0,53.79558,-1.46197,https://www.cyclestreets.net/images/pois/iconsets/osm/transport_parking_bicycle.n.16.png
cycleparking-n2030443383,Un-named bicycle_parking,2,,stands,no,2030443383,53.83337,-1.64771,https://www.cyclestreets.net/images/pois/iconsets/osm/transport_parking_bicycle.n.16.png
cycleparking-n2030443415,Un-named bicycle_parking,4,,stands,no,2030443415,53.83203,-1.64119,https://www.cyclestreets.net/images/pois/iconsets/osm/transport_parking_bicycle.n.16.png
cycleparking-n1721056486,Un-named bicycle_parking,2,,stands,no,1721056486,53.80867,-1.65637,https://www.cyclestreets.net/images/pois/iconsets/osm/transport_parking_bicycle.n.16.png
cycleparking-w436618862,Un-named place of interest,,private,stands,yes,0,53.77726,-1.49828,https://www.cyclestreets.net/images/pois/iconsets/osm/transport_parking_bicycle.n.16.png
cycleparking-w451262747,Un-named place of interest,,private,stands,yes,0,53.79716,-1.48532,https://www.cyclestreets.net/images/pois/iconsets/osm/transport_parking_bicycle.n.16.png
cycleparking-n1326200788,Un-named bicycle_parking,4,,,,1326200788,53.79024,-1.55306,https://www.cyclestreets.net/images/pois/iconsets/osm/transport_parking_bicycle.n.16.png
cycleparking-w283510078,Un-named place of interest,6,yes,rack,no,0,53.79297,-1.54565,https://www.cyclestreets.net/images/pois/iconsets/osm/transport_parking_bicycle.n.16.png
cycleparking-n738151940,Un-named bicycle_parking,,private,,,738151940,53.79244,-1.54963,https://www.cyclestreets.net/images/pois/iconsets/osm/transport_parking_bicycle.n.16.png
cycleparking-n1867219412,Un-named bicycle_parking,20,,stands,no,1867219412,53.80958,-1.55452,https://www.cyclestreets.net/images/pois/iconsets/osm/transport_parking_bicycle.n.16.png
cycleparking-n1867219416,Un-named bicycle_parking,8,,stands,no,1867219416,53.81035,-1.55692,https://www.cyclestreets.net/images/pois/iconsets/osm/transport_parking_bicycle.n.16.png
cycleparking-n1867219419,Un-named bicycle_parking,8,,stands,no,1867219419,53.8104,-1.55681,https://www.cyclestreets.net/images/pois/iconsets/osm/transport_parking_bicycle.n.16.png
cycleparking-n1868792367,Un-named bicycle_parking,8,,stands,no,1868792367,53.80978,-1.55513,https://www.cyclestreets.net/images/pois/iconsets/osm/transport_parking_bicycle.n.16.png
cycleparking-n1740394885,Un-named bicycle_parking,4,yes,stands,no,1740394885,53.81942,-1.58194,https://www.cyclestreets.net/images/pois/iconsets/osm/transport_parking_bicycle.n.16.png
cycleparking-n766880797,Un-named bicycle_parking,4,,stands,no,766880797,53.79794,-1.54227,https://www.cyclestreets.net/images/pois/iconsets/osm/transport_parking_bicycle.n.16.png
cycleparking-n1563017308,Un-named bicycle_parking,,,,,1563017308,53.80335,-1.54759,https://www.cyclestreets.net/images/pois/iconsets/osm/transport_parking_bicycle.n.16.png
cycleparking-n766880798,Un-named bicycle_parking,4,,stands,no,766880798,53.79863,-1.54197,https://www.cyclestreets.net/images/pois/iconsets/osm/transport_parking_bicycle.n.16.png
cycleparking-n766880799,Un-named bicycle_parking,4,,stands,no,766880799,53.798,-1.54226,https://www.cyclestreets.net/images/pois/iconsets/osm/transport_parking_bicycle.n.16.png
cycleparking-n766880802,Un-named bicycle_parking,4,,stands,no,766880802,53.79895,-1.54196,https://www.cyclestreets.net/images/pois/iconsets/osm/transport_parking_bicycle.n.16.png
cycleparking-n766880805,Un-named bicycle_parking,4,,stands,no,766880805,53.79896,-1.54212,https://www.cyclestreets.net/images/pois/iconsets/osm/transport_parking_bicycle.n.16.png
cycleparking-n1917568197,Un-named bicycle_parking,2,,stands,no,1917568197,53.82001,-1.57639,https://www.cyclestreets.net/images/pois/iconsets/osm/transport_parking_bicycle.n.16.png
cycleparking-n1917568198,Un-named bicycle_parking,4,,stands,no,1917568198,53.82137,-1.578,https://www.cyclestreets.net/images/pois/iconsets/osm/transport_parking_bicycle.n.16.png
cycleparking-n1917568199,Un-named bicycle_parking,6,,stands,no,1917568199,53.82106,-1.57828,https://www.cyclestreets.net/images/pois/iconsets/osm/transport_parking_bicycle.n.16.png
cycleparking-n2324935731,Un-named bicycle_parking,4,,stands,no,2324935731,53.8199,-1.58118,https://www.cyclestreets.net/images/pois/iconsets/osm/transport_parking_bicycle.n.16.png
cycleparking-n1161161976,Un-named bicycle_parking,,,,,1161161976,53.80549,-1.55386,https://www.cyclestreets.net/images/pois/iconsets/osm/transport_parking_bicycle.n.16.png
cycleparking-n1867219406,Un-named bicycle_parking,14,,stands,no,1867219406,53.80847,-1.55261,https://www.cyclestreets.net/images/pois/iconsets/osm/transport_parking_bicycle.n.16.png
cycleparking-w378922171,Un-named place of interest,,private,rack,no,0,53.8481,-1.64863,https://www.cyclestreets.net/images/pois/iconsets/osm/transport_parking_bicycle.n.16.png
cycleparking-n1938631970,Un-named bicycle_parking,4,,stands,no,1938631970,53.8467,-1.63269,https://www.cyclestreets.net/images/pois/iconsets/osm/transport_parking_bicycle.n.16.png
cycleparking-n1938631979,Un-named bicycle_parking,3,,stands,no,1938631979,53.84638,-1.63369,https://www.cyclestreets.net/images/pois/iconsets/osm/transport_parking_bicycle.n.16.png
cycleparking-n1938632023,Un-named bicycle_parking,4,,stands,no,1938632023,53.84578,-1.63379,https://www.cyclestreets.net/images/pois/iconsets/osm/transport_parking_bicycle.n.16.png
cycleparking-n1038799941,Un-named bicycle_parking,,,,,1038799941,53.83306,-1.77744,https://www.cyclestreets.net/images/pois/iconsets/osm/transport_parking_bicycle.n.16.png
cycleparking-w307446415,Un-named place of interest,5,customers,stands,yes,0,53.92342,-1.58224,https://www.cyclestreets.net/images/pois/iconsets/osm/transport_parking_bicycle.n.16.png
cycleparking-w544992078,Un-named place of interest,,,,,0,53.8269,-1.59468,https://www.cyclestreets.net/images/pois/iconsets/osm/transport_parking_bicycle.n.16.png
cycleparking-n1646443156,Un-named bicycle_parking,4,yes,stands,no,1646443156,53.81778,-1.59466,https://www.cyclestreets.net/images/pois/iconsets/osm/transport_parking_bicycle.n.16.png
cycleparking-n1649012680,Un-named bicycle_parking,16,,stands,,1649012680,53.81316,-1.6031,https://www.cyclestreets.net/images/pois/iconsets/osm/transport_parking_bicycle.n.16.png
cycleparking-n2042052522,Un-named bicycle_parking,6,,stands,no,2042052522,53.83269,-1.53806,https://www.cyclestreets.net/images/pois/iconsets/osm/transport_parking_bicycle.n.16.png
cycleparking-w23398225,Un-named place of interest,,,,,0,53.66297,-1.48143,https://www.cyclestreets.net/images/pois/iconsets/osm/transport_parking_bicycle.n.16.png
cycleparking-w947513282,Un-named place of interest,32,customers,shed,yes,0,53.80332,-1.53621,https://www.cyclestreets.net/images/pois/iconsets/osm/transport_parking_bicycle.n.16.png
cycleparking-w947513283,Un-named place of interest,95,private,two-tier,yes,0,53.80166,-1.54078,https://www.cyclestreets.net/images/pois/iconsets/osm/transport_parking_bicycle.n.16.png
cycleparking-w947513284,Un-named place of interest,36,,two-tier,yes,0,53.80124,-1.5421,https://www.cyclestreets.net/images/pois/iconsets/osm/transport_parking_bicycle.n.16.png
cycleparking-w1090341006,Un-named place of interest,36,private,two-tier,yes,0,53.80268,-1.54684,https://www.cyclestreets.net/images/pois/iconsets/osm/transport_parking_bicycle.n.16.png
cycleparking-n327407339,Un-named bicycle_parking,13,,stands,no,327407339,53.80298,-1.67167,https://www.cyclestreets.net/images/pois/iconsets/osm/transport_parking_bicycle.n.16.png
cycleparking-w1010818871,Trinity Bike Park,24,yes,stands,yes,0,53.79718,-1.54533,https://www.cyclestreets.net/images/pois/iconsets/osm/transport_parking_bicycle.n.16.png
cycleparking-w1172123930,Un-named place of interest,,private,building,yes,0,53.807,-1.79573,https://www.cyclestreets.net/images/pois/iconsets/osm/transport_parking_bicycle.n.16.png
cycleparking-n308489231,Un-named bicycle_parking,8,,stands,no,308489231,53.81319,-1.77091,https://www.cyclestreets.net/images/pois/iconsets/osm/transport_parking_bicycle.n.16.png
cycleparking-n314659362,Un-named bicycle_parking,,private,,,314659362,53.79083,-1.76471,https://www.cyclestreets.net/images/pois/iconsets/osm/transport_parking_bicycle.n.16.png
cycleparking-w909350067,Un-named place of interest,8,,stands,yes,0,53.90007,-1.94457,https://www.cyclestreets.net/images/pois/iconsets/osm/transport_parking_bicycle.n.16.png
cycleparking-w949220010,The Commute,5,yes,stands,yes,0,53.92497,-1.82501,https://www.cyclestreets.net/images/pois/iconsets/osm/transport_parking_bicycle.n.16.png
cycleparking-n322683453,Un-named bicycle_parking,12,,stands,no,322683453,53.84987,-1.8394,https://www.cyclestreets.net/images/pois/iconsets/osm/transport_parking_bicycle.n.16.png
cycleparking-n322683455,Bingley Market Square Cycle Parking,8,,stands,no,322683455,53.84826,-1.83855,https://www.cyclestreets.net/images/pois/iconsets/osm/transport_parking_bicycle.n.16.png
cycleparking-w996653120,Un-named place of interest,,private,shed,yes,0,53.82295,-1.57464,https://www.cyclestreets.net/images/pois/iconsets/osm/transport_parking_bicycle.n.16.png
cycleparking-w974140023,Un-named place of interest (Lies within a private area.),20,,stands,yes,0,53.82721,-1.59131,https://www.cyclestreets.net/images/pois/iconsets/osm/transport_parking_bicycle.n.16.png
cycleparking-w974140024,Un-named place of interest (Lies within a private area.),20,,stands,yes,0,53.82721,-1.59127,https://www.cyclestreets.net/images/pois/iconsets/osm/transport_parking_bicycle.n.16.png
cycleparking-w974140025,Un-named place of interest (Lies within a private area.),20,,stands,no,0,53.82722,-1.59125,https://www.cyclestreets.net/images/pois/iconsets/osm/transport_parking_bicycle.n.16.png
cycleparking-w974140026,Un-named place of interest (Lies within a private area.),20,,stands,no,0,53.82722,-1.59122,https://www.cyclestreets.net/images/pois/iconsets/osm/transport_parking_bicycle.n.16.png
cycleparking-w974140027,Un-named place of interest (Lies within a private area.),20,,stands,yes,0,53.82722,-1.5912,https://www.cyclestreets.net/images/pois/iconsets/osm/transport_parking_bicycle.n.16.png
cycleparking-w996653121,Un-named place of interest,,private,shed,yes,0,53.82255,-1.57664,https://www.cyclestreets.net/images/pois/iconsets/osm/transport_parking_bicycle.n.16.png
cycleparking-w996653122,Un-named place of interest,,private,shed,yes,0,53.82213,-1.57665,https://www.cyclestreets.net/images/pois/iconsets/osm/transport_parking_bicycle.n.16.png
cycleparking-w996653123,Un-named place of interest,,private,shed,yes,0,53.82173,-1.57564,https://www.cyclestreets.net/images/pois/iconsets/osm/transport_parking_bicycle.n.16.png
cycleparking-w996653127,Un-named place of interest,,private,shed,yes,0,53.82228,-1.57648,https://www.cyclestreets.net/images/pois/iconsets/osm/transport_parking_bicycle.n.16.png
cycleparking-w1096841534,Un-named place of interest,,permissive,shed,yes,0,53.82583,-1.59517,https://www.cyclestreets.net/images/pois/iconsets/osm/transport_parking_bicycle.n.16.png
cycleparking-n389520733,Un-named bicycle_parking,,,,,389520733,53.78441,-1.54996,https://www.cyclestreets.net/images/pois/iconsets/osm/transport_parking_bicycle.n.16.png
cycleparking-w930413750,Un-named place of interest,8,private,shed,yes,0,53.87579,-1.71141,https://www.cyclestreets.net/images/pois/iconsets/osm/transport_parking_bicycle.n.16.png
cycleparking-w902767527,Un-named place of interest,,private,shed,yes,0,53.82881,-1.64857,https://www.cyclestreets.net/images/pois/iconsets/osm/transport_parking_bicycle.n.16.png
cycleparking-n352872464,Un-named bicycle_parking,4,,stands,no,352872464,53.82905,-1.56724,https://www.cyclestreets.net/images/pois/iconsets/osm/transport_parking_bicycle.n.16.png
cycleparking-w706132466,Un-named place of interest,,private,shed,yes,0,53.8497,-1.55275,https://www.cyclestreets.net/images/pois/iconsets/osm/transport_parking_bicycle.n.16.png
cycleparking-w946628169,Un-named place of interest,40,permissive,shed,yes,0,53.79,-1.53726,https://www.cyclestreets.net/images/pois/iconsets/osm/transport_parking_bicycle.n.16.png
cycleparking-w946628170,Un-named place of interest,18,,shed,,0,53.79025,-1.53561,https://www.cyclestreets.net/images/pois/iconsets/osm/transport_parking_bicycle.n.16.png
cycleparking-w1180534827,Un-named place of interest,,,shed,,0,53.78948,-1.53271,https://www.cyclestreets.net/images/pois/iconsets/osm/transport_parking_bicycle.n.16.png
cycleparking-w878356612,Un-named place of interest,24,,,no,0,53.79532,-1.5485,https://www.cyclestreets.net/images/pois/iconsets/osm/transport_parking_bicycle.n.16.png
cycleparking-w1068951627,Un-named place of interest,20,private,shed,yes,0,53.78851,-1.50481,https://www.cyclestreets.net/images/pois/iconsets/osm/transport_parking_bicycle.n.16.png
cycleparking-w1068951628,Un-named place of interest,20,private,shed,yes,0,53.78849,-1.50471,https://www.cyclestreets.net/images/pois/iconsets/osm/transport_parking_bicycle.n.16.png
cycleparking-n358988553,Un-named bicycle_parking,,designated,,,358988553,53.78671,-1.76159,https://www.cyclestreets.net/images/pois/iconsets/osm/transport_parking_bicycle.n.16.png
cycleparking-w856930823,Un-named place of interest,4,yes,lockers,,0,53.87594,-1.71517,https://www.cyclestreets.net/images/pois/iconsets/osm/transport_parking_bicycle.n.16.png
cycleparking-w856930824,Un-named place of interest,5,,stands,yes,0,53.87577,-1.71491,https://www.cyclestreets.net/images/pois/iconsets/osm/transport_parking_bicycle.n.16.png
cycleparking-w856930822,Un-named place of interest,5,yes,lockers,no,0,53.87606,-1.71496,https://www.cyclestreets.net/images/pois/iconsets/osm/transport_parking_bicycle.n.16.png
cycleparking-w896021120,Un-named place of interest,4,customers,lockers,yes,0,53.84746,-1.63026,https://www.cyclestreets.net/images/pois/iconsets/osm/transport_parking_bicycle.n.16.png
cycleparking-w899166090,Un-named place of interest,,,stands,yes,0,53.83163,-1.64051,https://www.cyclestreets.net/images/pois/iconsets/osm/transport_parking_bicycle.n.16.png
cycleparking-n415511123,Un-named bicycle_parking,,,,,415511123,53.86732,-1.90946,https://www.cyclestreets.net/images/pois/iconsets/osm/transport_parking_bicycle.n.16.png
cycleparking-n423818285,Un-named bicycle_parking,,,,,423818285,53.83531,-1.73037,https://www.cyclestreets.net/images/pois/iconsets/osm/transport_parking_bicycle.n.16.png
cycleparking-n415511040,Un-named bicycle_parking,,,,,415511040,53.86587,-1.90775,https://www.cyclestreets.net/images/pois/iconsets/osm/transport_parking_bicycle.n.16.png
cycleparking-n413990431,Un-named bicycle_parking,6,,stands,no,413990431,53.86598,-1.90628,https://www.cyclestreets.net/images/pois/iconsets/osm/transport_parking_bicycle.n.16.png
cycleparking-w1052322829,Un-named place of interest,12,yes,stands,no,0,53.8134,-1.60297,https://www.cyclestreets.net/images/pois/iconsets/osm/transport_parking_bicycle.n.16.png
cycleparking-w947513281,Un-named place of interest,,,shed,yes,0,53.81575,-1.60809,https://www.cyclestreets.net/images/pois/iconsets/osm/transport_parking_bicycle.n.16.png
cycleparking-w869781653,Un-named place of interest,,,shed,,0,53.81558,-1.5821,https://www.cyclestreets.net/images/pois/iconsets/osm/transport_parking_bicycle.n.16.png
cycleparking-w869781652,Un-named place of interest,,,shed,,0,53.81559,-1.58217,https://www.cyclestreets.net/images/pois/iconsets/osm/transport_parking_bicycle.n.16.png
cycleparking-w869781654,Un-named place of interest,,,shed,,0,53.81561,-1.58209,https://www.cyclestreets.net/images/pois/iconsets/osm/transport_parking_bicycle.n.16.png
cycleparking-w1013148394,Un-named place of interest,,private,,yes,9347161672,53.80946,-1.55443,https://www.cyclestreets.net/images/pois/iconsets/osm/transport_parking_bicycle.n.16.png
cycleparking-w708085857,Un-named place of interest,,private,shed,yes,0,53.79767,-1.55472,https://www.cyclestreets.net/images/pois/iconsets/osm/transport_parking_bicycle.n.16.png
cycleparking-w946638101,Un-named place of interest,,,shed,yes,0,53.805,-1.55283,https://www.cyclestreets.net/images/pois/iconsets/osm/transport_parking_bicycle.n.16.png
cycleparking-w1014141048,Un-named place of interest,58,yes,stands,no,0,53.8056,-1.55852,https://www.cyclestreets.net/images/pois/iconsets/osm/transport_parking_bicycle.n.16.png
cycleparking-w1125875431,Un-named place of interest,48,,,yes,0,53.80295,-1.55633,https://www.cyclestreets.net/images/pois/iconsets/osm/transport_parking_bicycle.n.16.png
cycleparking-w1014141051,Un-named place of interest,,private,shed,yes,0,53.80797,-1.558,https://www.cyclestreets.net/images/pois/iconsets/osm/transport_parking_bicycle.n.16.png
cycleparking-w1014150066,Un-named place of interest,50,yes,stands,no,0,53.80707,-1.55281,https://www.cyclestreets.net/images/pois/iconsets/osm/transport_parking_bicycle.n.16.png
cycleparking-w946638100,Un-named place of interest,60,unknown,shed,yes,0,53.80493,-1.55262,https://www.cyclestreets.net/images/pois/iconsets/osm/transport_parking_bicycle.n.16.png
cycleparking-w1099883232,Un-named place of interest,,private,shed,yes,0,53.80546,-1.54813,https://www.cyclestreets.net/images/pois/iconsets/osm/transport_parking_bicycle.n.16.png
cycleparking-n317094983,Un-named bicycle_parking,6,,stands,no,317094983,53.79125,-1.53364,https://www.cyclestreets.net/images/pois/iconsets/osm/transport_parking_bicycle.n.16.png
cycleparking-w1014141044,Un-named place of interest,58,yes,stands,yes,0,53.80622,-1.55984,https://www.cyclestreets.net/images/pois/iconsets/osm/transport_parking_bicycle.n.16.png
cycleparking-w1014141045,Un-named place of interest,14,private,shed,yes,0,53.8057,-1.5584,https://www.cyclestreets.net/images/pois/iconsets/osm/transport_parking_bicycle.n.16.png
cycleparking-w1014141046,Un-named place of interest,48,yes,stands,yes,0,53.80641,-1.5586,https://www.cyclestreets.net/images/pois/iconsets/osm/transport_parking_bicycle.n.16.png
cycleparking-w1014141047,Un-named place of interest,48,yes,stands,no,0,53.8063,-1.55867,https://www.cyclestreets.net/images/pois/iconsets/osm/transport_parking_bicycle.n.16.png
cycleparking-w1014141049,Un-named place of interest,18,yes,stands,no,0,53.80568,-1.55842,https://www.cyclestreets.net/images/pois/iconsets/osm/transport_parking_bicycle.n.16.png
cycleparking-w1014141050,Un-named place of interest,20,yes,stands,yes,0,53.80648,-1.55903,https://www.cyclestreets.net/images/pois/iconsets/osm/transport_parking_bicycle.n.16.png
cycleparking-w1014148377,Un-named place of interest,,private,shed,yes,0,53.80768,-1.55811,https://www.cyclestreets.net/images/pois/iconsets/osm/transport_parking_bicycle.n.16.png
cycleparking-w1096846075,Un-named place of interest,30,permissive,two-tier,yes,0,53.792,-1.553,https://www.cyclestreets.net/images/pois/iconsets/osm/transport_parking_bicycle.n.16.png
cycleparking-n313099959,Un-named bicycle_parking,10,,stands,no,313099959,53.79482,-1.55324,https://www.cyclestreets.net/images/pois/iconsets/osm/transport_parking_bicycle.n.16.png
cycleparking-n342579655,Un-named bicycle_parking,,,,,342579655,53.79654,-1.53633,https://www.cyclestreets.net/images/pois/iconsets/osm/transport_parking_bicycle.n.16.png
cycleparking-n342605807,Un-named bicycle_parking,16,,,,342605807,53.7973,-1.53321,https://www.cyclestreets.net/images/pois/iconsets/osm/transport_parking_bicycle.n.16.png
cycleparking-w967654292,Un-named place of interest,6,yes,lockers,yes,0,53.80469,-1.45178,https://www.cyclestreets.net/images/pois/iconsets/osm/transport_parking_bicycle.n.16.png
cycleparking-w1094474766,Un-named place of interest,,private,shed,,0,53.80287,-1.42458,https://www.cyclestreets.net/images/pois/iconsets/osm/transport_parking_bicycle.n.16.png
cycleparking-w701110489,Un-named place of interest,,,,,0,53.80394,-1.52219,https://www.cyclestreets.net/images/pois/iconsets/osm/transport_parking_bicycle.n.16.png
cycleparking-w886572680,Un-named place of interest,10,,stands,yes,0,53.8329,-1.77361,https://www.cyclestreets.net/images/pois/iconsets/osm/transport_parking_bicycle.n.16.png
cycleparking-n310741398,Un-named bicycle_parking,,,,,310741398,53.8339,-1.77769,https://www.cyclestreets.net/images/pois/iconsets/osm/transport_parking_bicycle.n.16.png
cycleparking-n362256878,Un-named bicycle_parking,,,,,362256878,53.83539,-1.7752,https://www.cyclestreets.net/images/pois/iconsets/osm/transport_parking_bicycle.n.16.png
cycleparking-w1222947390,Un-named place of interest,10,,stands,yes,0,53.85022,-1.75393,https://www.cyclestreets.net/images/pois/iconsets/osm/transport_parking_bicycle.n.16.png
cycleparking-n310749673,Un-named bicycle_parking,,,,,310749673,53.83568,-1.77441,https://www.cyclestreets.net/images/pois/iconsets/osm/transport_parking_bicycle.n.16.png
cycleparking-w947472241,Un-named place of interest,60,yes,stands,yes,0,53.79937,-1.53404,https://www.cyclestreets.net/images/pois/iconsets/osm/transport_parking_bicycle.n.16.png
cycleparking-w947472242,Un-named place of interest,16,,lockers,yes,0,53.79923,-1.53418,https://www.cyclestreets.net/images/pois/iconsets/osm/transport_parking_bicycle.n.16.png
cycleparking-n320998065,The Common Place,10,,,,320998065,53.79563,-1.53786,https://www.cyclestreets.net/images/pois/iconsets/osm/transport_parking_bicycle.n.16.png
cycleparking-n353922326,Un-named bicycle_parking,12,,stands,no,353922326,53.8072,-1.55367,https://www.cyclestreets.net/images/pois/iconsets/osm/transport_parking_bicycle.n.16.png
cycleparking-n353922328,Un-named bicycle_parking,,,,,353922328,53.80719,-1.55289,https://www.cyclestreets.net/images/pois/iconsets/osm/transport_parking_bicycle.n.16.png
cycleparking-n333799038,Un-named bicycle_parking,16,yes,stands,no,333799038,53.79918,-1.54314,https://www.cyclestreets.net/images/pois/iconsets/osm/transport_parking_bicycle.n.16.png
cycleparking-w1056485849,Un-named place of interest,,,,,0,53.81565,-1.46136,https://www.cyclestreets.net/images/pois/iconsets/osm/transport_parking_bicycle.n.16.png
cycleparking-w1056485850,Un-named place of interest,,,,,0,53.81567,-1.46109,https://www.cyclestreets.net/images/pois/iconsets/osm/transport_parking_bicycle.n.16.png
cycleparking-w946638102,Un-named place of interest,,,shed,yes,0,53.80525,-1.55389,https://www.cyclestreets.net/images/pois/iconsets/osm/transport_parking_bicycle.n.16.png
cycleparking-w949388166,Un-named place of interest,,,covered,,0,53.80768,-1.5878,https://www.cyclestreets.net/images/pois/iconsets/osm/transport_parking_bicycle.n.16.png
cycleparking-w708903774,Un-named place of interest,,,,yes,0,53.81468,-1.43456,https://www.cyclestreets.net/images/pois/iconsets/osm/transport_parking_bicycle.n.16.png
cycleparking-w712644495,Un-named place of interest,12,customers,building,yes,0,53.8179,-1.45029,https://www.cyclestreets.net/images/pois/iconsets/osm/transport_parking_bicycle.n.16.png
cycleparking-w712644496,Un-named place of interest,12,,stands,yes,0,53.81791,-1.45026,https://www.cyclestreets.net/images/pois/iconsets/osm/transport_parking_bicycle.n.16.png
cycleparking-n8334686951,Un-named bicycle_parking,4,,stands,no,8334686951,53.72107,-1.85646,https://www.cyclestreets.net/images/pois/iconsets/osm/transport_parking_bicycle.n.16.png
cycleparking-n8334686952,Un-named bicycle_parking,12,,stands,yes,8334686952,53.72151,-1.85976,https://www.cyclestreets.net/images/pois/iconsets/osm/transport_parking_bicycle.n.16.png
cycleparking-n8334686953,Un-named bicycle_parking,12,,stands,yes,8334686953,53.72169,-1.85854,https://www.cyclestreets.net/images/pois/iconsets/osm/transport_parking_bicycle.n.16.png
cycleparking-n9974865429,Un-named bicycle_parking,8,,wall_loops,no,9974865429,53.64961,-1.78076,https://www.cyclestreets.net/images/pois/iconsets/osm/transport_parking_bicycle.n.16.png
cycleparking-n8334686950,Un-named bicycle_parking,8,,stands,no,8334686950,53.72214,-1.85999,https://www.cyclestreets.net/images/pois/iconsets/osm/transport_parking_bicycle.n.16.png
cycleparking-n8334686954,Un-named bicycle_parking,8,,stands,no,8334686954,53.72242,-1.86196,https://www.cyclestreets.net/images/pois/iconsets/osm/transport_parking_bicycle.n.16.png
cycleparking-n8397638343,Un-named bicycle_parking,4,,stands,no,8397638343,53.72115,-1.86128,https://www.cyclestreets.net/images/pois/iconsets/osm/transport_parking_bicycle.n.16.png
cycleparking-n11071171421,Un-named bicycle_parking,8,yes,stands,yes,11071171421,53.80673,-1.79676,https://www.cyclestreets.net/images/pois/iconsets/osm/transport_parking_bicycle.n.16.png
cycleparking-n11071171428,Un-named bicycle_parking,4,yes,stands,no,11071171428,53.8064,-1.79816,https://www.cyclestreets.net/images/pois/iconsets/osm/transport_parking_bicycle.n.16.png
cycleparking-n8243829303,Un-named bicycle_parking,5,,stands,no,8243829303,53.90872,-1.93849,https://www.cyclestreets.net/images/pois/iconsets/osm/transport_parking_bicycle.n.16.png
cycleparking-n8291947238,Un-named bicycle_parking,3,,stands,no,8291947238,53.90833,-1.75315,https://www.cyclestreets.net/images/pois/iconsets/osm/transport_parking_bicycle.n.16.png
cycleparking-n11005481504,Un-named bicycle_parking,10,,stands,no,11005481504,53.85309,-1.76592,https://www.cyclestreets.net/images/pois/iconsets/osm/transport_parking_bicycle.n.16.png
cycleparking-n8075763219,Un-named bicycle_parking,,,lockers,,8075763219,53.86785,-1.90091,https://www.cyclestreets.net/images/pois/iconsets/osm/transport_parking_bicycle.n.16.png
cycleparking-n8243914606,Un-named bicycle_parking,4,customers,lockers,,8243914606,53.86778,-1.90066,https://www.cyclestreets.net/images/pois/iconsets/osm/transport_parking_bicycle.n.16.png
cycleparking-n10614333048,Un-named bicycle_parking,,,,,10614333048,53.87524,-1.88068,https://www.cyclestreets.net/images/pois/iconsets/osm/transport_parking_bicycle.n.16.png
cycleparking-n9978802541,Un-named bicycle_parking,4,yes,stands,no,9978802541,53.92455,-1.82162,https://www.cyclestreets.net/images/pois/iconsets/osm/transport_parking_bicycle.n.16.png
cycleparking-n9978802542,Un-named bicycle_parking,2,yes,stands,no,9978802542,53.92421,-1.82086,https://www.cyclestreets.net/images/pois/iconsets/osm/transport_parking_bicycle.n.16.png
cycleparking-n9978802546,Un-named bicycle_parking,8,yes,stands,yes,9978802546,53.93192,-1.82103,https://www.cyclestreets.net/images/pois/iconsets/osm/transport_parking_bicycle.n.16.png
cycleparking-n9978802547,Un-named bicycle_parking,,yes,stands,no,9978802547,53.93032,-1.83723,https://www.cyclestreets.net/images/pois/iconsets/osm/transport_parking_bicycle.n.16.png
cycleparking-n9979854835,Un-named bicycle_parking,,yes,stands,no,9979854835,53.92749,-1.81966,https://www.cyclestreets.net/images/pois/iconsets/osm/transport_parking_bicycle.n.16.png
cycleparking-n9979854836,Un-named bicycle_parking,,,stands,no,9979854836,53.92764,-1.81865,https://www.cyclestreets.net/images/pois/iconsets/osm/transport_parking_bicycle.n.16.png
cycleparking-n8309280984,Un-named bicycle_parking,4,,stands,no,8309280984,53.79628,-1.75655,https://www.cyclestreets.net/images/pois/iconsets/osm/transport_parking_bicycle.n.16.png
cycleparking-n8385471632,Un-named bicycle_parking,6,,stands,no,8385471632,53.79333,-1.75127,https://www.cyclestreets.net/images/pois/iconsets/osm/transport_parking_bicycle.n.16.png
cycleparking-n9978743450,Un-named bicycle_parking,6,yes,stands,no,9978743450,53.92581,-1.82849,https://www.cyclestreets.net/images/pois/iconsets/osm/transport_parking_bicycle.n.16.png
cycleparking-n9978802543,Un-named bicycle_parking,4,,stands,no,9978802543,53.92474,-1.82349,https://www.cyclestreets.net/images/pois/iconsets/osm/transport_parking_bicycle.n.16.png
cycleparking-n9978802544,Un-named bicycle_parking,4,,stands,no,9978802544,53.92525,-1.8233,https://www.cyclestreets.net/images/pois/iconsets/osm/transport_parking_bicycle.n.16.png
cycleparking-n9978802545,Un-named bicycle_parking,8,yes,stands,no,9978802545,53.9263,-1.82362,https://www.cyclestreets.net/images/pois/iconsets/osm/transport_parking_bicycle.n.16.png
cycleparking-n10829833256,Un-named bicycle_parking,8,,stands,yes,10829833256,53.82053,-1.76935,https://www.cyclestreets.net/images/pois/iconsets/osm/transport_parking_bicycle.n.16.png
cycleparking-n4011361281,Un-named bicycle_parking,4,,,no,4011361281,53.81482,-1.56168,https://www.cyclestreets.net/images/pois/iconsets/osm/transport_parking_bicycle.n.16.png
cycleparking-n4202206057,Un-named bicycle_parking,6,,stands,no,4202206057,53.79206,-1.38822,https://www.cyclestreets.net/images/pois/iconsets/osm/transport_parking_bicycle.n.16.png
cycleparking-n4011361274,Un-named bicycle_parking,,,,yes,4011361274,53.80292,-1.54238,https://www.cyclestreets.net/images/pois/iconsets/osm/transport_parking_bicycle.n.16.png
cycleparking-n4032327812,Un-named bicycle_parking,14,,stands,yes,4032327812,53.80687,-1.55528,https://www.cyclestreets.net/images/pois/iconsets/osm/transport_parking_bicycle.n.16.png
cycleparking-n4547492463,Un-named bicycle_parking,8,,stands,no,4547492463,53.81074,-1.55612,https://www.cyclestreets.net/images/pois/iconsets/osm/transport_parking_bicycle.n.16.png
cycleparking-n4547492475,Un-named bicycle_parking,8,,stands,no,4547492475,53.80854,-1.55262,https://www.cyclestreets.net/images/pois/iconsets/osm/transport_parking_bicycle.n.16.png
cycleparking-n3736656438,Un-named bicycle_parking (Lies within a private area.),,,,,3736656438,53.81624,-1.60947,https://www.cyclestreets.net/images/pois/iconsets/osm/transport_parking_bicycle.n.16.png
cycleparking-n3874017919,Un-named bicycle_parking,12,,stands,no,3874017919,53.81608,-1.60529,https://www.cyclestreets.net/images/pois/iconsets/osm/transport_parking_bicycle.n.16.png
cycleparking-n3874017920,Un-named bicycle_parking,4,,stands,no,3874017920,53.81614,-1.60488,https://www.cyclestreets.net/images/pois/iconsets/osm/transport_parking_bicycle.n.16.png
cycleparking-n3874017927,Un-named bicycle_parking,10,yes,stands,yes,3874017927,53.81637,-1.6039,https://www.cyclestreets.net/images/pois/iconsets/osm/transport_parking_bicycle.n.16.png
cycleparking-n4158341003,Un-named bicycle_parking,16,,stands,no,4158341003,53.82152,-1.60715,https://www.cyclestreets.net/images/pois/iconsets/osm/transport_parking_bicycle.n.16.png
cycleparking-n4011361282,Un-named bicycle_parking,4,,stands,no,4011361282,53.81948,-1.57624,https://www.cyclestreets.net/images/pois/iconsets/osm/transport_parking_bicycle.n.16.png
cycleparking-n4011361283,Un-named bicycle_parking,3,,stands,yes,4011361283,53.82219,-1.57844,https://www.cyclestreets.net/images/pois/iconsets/osm/transport_parking_bicycle.n.16.png
cycleparking-n4713911783,Un-named bicycle_parking,4,,stands,no,4713911783,53.82352,-1.5804,https://www.cyclestreets.net/images/pois/iconsets/osm/transport_parking_bicycle.n.16.png
cycleparking-n3957505894,Un-named bicycle_parking,,,,,3957505894,53.81767,-1.5319,https://www.cyclestreets.net/images/pois/iconsets/osm/transport_parking_bicycle.n.16.png
cycleparking-n4011361277,Un-named bicycle_parking,8,,,no,4011361277,53.7964,-1.53749,https://www.cyclestreets.net/images/pois/iconsets/osm/transport_parking_bicycle.n.16.png
cycleparking-n4011361278,Un-named bicycle_parking,10,,stands,no,4011361278,53.7975,-1.54018,https://www.cyclestreets.net/images/pois/iconsets/osm/transport_parking_bicycle.n.16.png
cycleparking-n4011361279,Un-named bicycle_parking,10,,,no,4011361279,53.79548,-1.54244,https://www.cyclestreets.net/images/pois/iconsets/osm/transport_parking_bicycle.n.16.png
cycleparking-n4361362293,Un-named bicycle_parking,16,,stands,no,4361362293,53.78862,-1.53149,https://www.cyclestreets.net/images/pois/iconsets/osm/transport_parking_bicycle.n.16.png
cycleparking-n4318913209,Un-named bicycle_parking,4,,,,4318913209,53.71334,-1.63063,https://www.cyclestreets.net/images/pois/iconsets/osm/transport_parking_bicycle.n.16.png
cycleparking-n4484723959,Un-named bicycle_parking,10,,rack,no,4484723959,53.79314,-1.54504,https://www.cyclestreets.net/images/pois/iconsets/osm/transport_parking_bicycle.n.16.png
cycleparking-n3987138397,Un-named bicycle_parking,,,,,3987138397,53.80682,-1.56745,https://www.cyclestreets.net/images/pois/iconsets/osm/transport_parking_bicycle.n.16.png
cycleparking-n3908273656,Un-named bicycle_parking,2,yes,stands,no,3908273656,53.79988,-1.54853,https://www.cyclestreets.net/images/pois/iconsets/osm/transport_parking_bicycle.n.16.png
cycleparking-n4011361271,Un-named bicycle_parking,16,,stands,yes,4011361271,53.8054,-1.55642,https://www.cyclestreets.net/images/pois/iconsets/osm/transport_parking_bicycle.n.16.png
cycleparking-n4011361272,Un-named bicycle_parking,24,,stands,yes,4011361272,53.80515,-1.55489,https://www.cyclestreets.net/images/pois/iconsets/osm/transport_parking_bicycle.n.16.png
cycleparking-n4011361273,Un-named bicycle_parking,20,,stands,yes,4011361273,53.80505,-1.55484,https://www.cyclestreets.net/images/pois/iconsets/osm/transport_parking_bicycle.n.16.png
cycleparking-n4011361280,Un-named bicycle_parking,10,,,no,4011361280,53.79909,-1.54737,https://www.cyclestreets.net/images/pois/iconsets/osm/transport_parking_bicycle.n.16.png
cycleparking-n4032327807,Un-named bicycle_parking,6,yes,lockers,yes,4032327807,53.80682,-1.5553,https://www.cyclestreets.net/images/pois/iconsets/osm/transport_parking_bicycle.n.16.png
cycleparking-n4032327819,Un-named bicycle_parking,32,,stands,no,4032327819,53.80693,-1.55603,https://www.cyclestreets.net/images/pois/iconsets/osm/transport_parking_bicycle.n.16.png
cycleparking-n4032327821,Un-named bicycle_parking,30,,stands,no,4032327821,53.80706,-1.55697,https://www.cyclestreets.net/images/pois/iconsets/osm/transport_parking_bicycle.n.16.png
cycleparking-n4032327833,Un-named bicycle_parking,30,,stands,no,4032327833,53.80701,-1.55664,https://www.cyclestreets.net/images/pois/iconsets/osm/transport_parking_bicycle.n.16.png
cycleparking-n4032327838,Un-named bicycle_parking,24,,stands,no,4032327838,53.80718,-1.55657,https://www.cyclestreets.net/images/pois/iconsets/osm/transport_parking_bicycle.n.16.png
cycleparking-n4032327840,Un-named bicycle_parking,24,,stands,no,4032327840,53.80712,-1.55617,https://www.cyclestreets.net/images/pois/iconsets/osm/transport_parking_bicycle.n.16.png
cycleparking-n4429581979,Un-named bicycle_parking,,,,,4429581979,53.80704,-1.55158,https://www.cyclestreets.net/images/pois/iconsets/osm/transport_parking_bicycle.n.16.png
cycleparking-n4484723964,Un-named bicycle_parking,8,yes,rack,no,4484723964,53.7938,-1.54388,https://www.cyclestreets.net/images/pois/iconsets/osm/transport_parking_bicycle.n.16.png
cycleparking-n11141541845,Un-named bicycle_parking,,,,,11141541845,53.8328,-1.78311,https://www.cyclestreets.net/images/pois/iconsets/osm/transport_parking_bicycle.n.16.png
cycleparking-n11142509098,Un-named bicycle_parking,,,,,11142509098,53.83627,-1.78876,https://www.cyclestreets.net/images/pois/iconsets/osm/transport_parking_bicycle.n.16.png
cycleparking-n11178900613,Un-named bicycle_parking,4,,stands,no,11178900613,53.73022,-1.98237,https://www.cyclestreets.net/images/pois/iconsets/osm/transport_parking_bicycle.n.16.png
cycleparking-n11178934435,Un-named bicycle_parking,8,,stands,no,11178934435,53.72898,-1.98175,https://www.cyclestreets.net/images/pois/iconsets/osm/transport_parking_bicycle.n.16.png
cycleparking-n11178950805,Un-named bicycle_parking,8,,stands,yes,11178950805,53.72921,-1.98285,https://www.cyclestreets.net/images/pois/iconsets/osm/transport_parking_bicycle.n.16.png
cycleparking-n11377682597,Un-named bicycle_parking,,,lockers,,11377682597,53.78342,-1.76248,https://www.cyclestreets.net/images/pois/iconsets/osm/transport_parking_bicycle.n.16.png
cycleparking-n10146882318,Un-named bicycle_parking,10,,stands,no,10146882318,53.80544,-1.55637,https://www.cyclestreets.net/images/pois/iconsets/osm/transport_parking_bicycle.n.16.png
cycleparking-n10295387455,Un-named bicycle_parking,18,,stands,yes,10295387455,53.80481,-1.55632,https://www.cyclestreets.net/images/pois/iconsets/osm/transport_parking_bicycle.n.16.png
cycleparking-n10746426922,Un-named bicycle_parking,16,,,no,10746426922,53.79599,-1.55583,https://www.cyclestreets.net/images/pois/iconsets/osm/transport_parking_bicycle.n.16.png
cycleparking-n9278846253,Un-named bicycle_parking (Lies within a private area.),,,stands,no,9278846253,53.81226,-1.57671,https://www.cyclestreets.net/images/pois/iconsets/osm/transport_parking_bicycle.n.16.png
cycleparking-n9859254874,Un-named bicycle_parking,20,,stands,yes,9859254874,53.79811,-1.57355,https://www.cyclestreets.net/images/pois/iconsets/osm/transport_parking_bicycle.n.16.png
cycleparking-n10602957776,Un-named bicycle_parking,,,stands,no,10602957776,53.7964,-1.55972,https://www.cyclestreets.net/images/pois/iconsets/osm/transport_parking_bicycle.n.16.png
cycleparking-n10602957796,Un-named bicycle_parking,6,,stands,no,10602957796,53.79584,-1.55952,https://www.cyclestreets.net/images/pois/iconsets/osm/transport_parking_bicycle.n.16.png
cycleparking-n9325448263,Un-named bicycle_parking,12,yes,wall_loops,no,9325448263,53.80039,-1.54307,https://www.cyclestreets.net/images/pois/iconsets/osm/transport_parking_bicycle.n.16.png
cycleparking-n9671106196,Un-named bicycle_parking,6,yes,stands,no,9671106196,53.79953,-1.53954,https://www.cyclestreets.net/images/pois/iconsets/osm/transport_parking_bicycle.n.16.png
cycleparking-n9671106198,Un-named bicycle_parking,6,yes,stands,no,9671106198,53.80028,-1.53962,https://www.cyclestreets.net/images/pois/iconsets/osm/transport_parking_bicycle.n.16.png
cycleparking-n9671106202,Un-named bicycle_parking,6,yes,stands,no,9671106202,53.79931,-1.54184,https://www.cyclestreets.net/images/pois/iconsets/osm/transport_parking_bicycle.n.16.png
cycleparking-n9162726476,Un-named bicycle_parking,,,stands,,9162726476,53.68223,-1.50314,https://www.cyclestreets.net/images/pois/iconsets/osm/transport_parking_bicycle.n.16.png
cycleparking-n9356434426,Un-named bicycle_parking,4,yes,stands,no,9356434426,53.80567,-1.55835,https://www.cyclestreets.net/images/pois/iconsets/osm/transport_parking_bicycle.n.16.png
cycleparking-n9356434427,Un-named bicycle_parking,6,yes,stands,no,9356434427,53.80563,-1.55847,https://www.cyclestreets.net/images/pois/iconsets/osm/transport_parking_bicycle.n.16.png
cycleparking-n9356434428,Un-named bicycle_parking,6,yes,stands,no,9356434428,53.80603,-1.55848,https://www.cyclestreets.net/images/pois/iconsets/osm/transport_parking_bicycle.n.16.png
cycleparking-n9356434434,Un-named bicycle_parking,12,yes,stands,no,9356434434,53.80786,-1.55804,https://www.cyclestreets.net/images/pois/iconsets/osm/transport_parking_bicycle.n.16.png
cycleparking-n9154376137,Un-named bicycle_parking,4,yes,stands,no,9154376137,53.84259,-1.53351,https://www.cyclestreets.net/images/pois/iconsets/osm/transport_parking_bicycle.n.16.png
cycleparking-n9160601060,Un-named bicycle_parking,6,,stands,no,9160601060,53.83897,-1.53559,https://www.cyclestreets.net/images/pois/iconsets/osm/transport_parking_bicycle.n.16.png
cycleparking-n9671122652,Un-named bicycle_parking,2,yes,stands,no,9671122652,53.80044,-1.53262,https://www.cyclestreets.net/images/pois/iconsets/osm/transport_parking_bicycle.n.16.png
cycleparking-n9671122653,Un-named bicycle_parking,2,yes,stands,no,9671122653,53.80042,-1.53264,https://www.cyclestreets.net/images/pois/iconsets/osm/transport_parking_bicycle.n.16.png
cycleparking-n11051625286,Un-named bicycle_parking,10,yes,stands,,11051625286,53.82997,-1.49097,https://www.cyclestreets.net/images/pois/iconsets/osm/transport_parking_bicycle.n.16.png
cycleparking-n11105993763,Un-named bicycle_parking,10,,stands,yes,11105993763,53.80685,-1.5059,https://www.cyclestreets.net/images/pois/iconsets/osm/transport_parking_bicycle.n.16.png
cycleparking-n9812267853,Un-named bicycle_parking,12,permissive,stands,no,9812267853,53.78864,-1.50479,https://www.cyclestreets.net/images/pois/iconsets/osm/transport_parking_bicycle.n.16.png
cycleparking-n9863555997,Un-named bicycle_parking,10,,stands,,9863555997,53.83739,-1.50478,https://www.cyclestreets.net/images/pois/iconsets/osm/transport_parking_bicycle.n.16.png
cycleparking-n9170392638,Un-named bicycle_parking,12,,stands,yes,9170392638,53.80618,-1.47719,https://www.cyclestreets.net/images/pois/iconsets/osm/transport_parking_bicycle.n.16.png
cycleparking-n11193797305,Un-named bicycle_parking,10,yes,stands,yes,11193797305,53.77234,-1.471,https://www.cyclestreets.net/images/pois/iconsets/osm/transport_parking_bicycle.n.16.png
cycleparking-n11224432985,Un-named bicycle_parking,8,,rack,no,11224432985,53.79559,-1.47202,https://www.cyclestreets.net/images/pois/iconsets/osm/transport_parking_bicycle.n.16.png
cycleparking-n9084781995,Un-named bicycle_parking,,yes,building,yes,9084781995,53.76701,-1.51754,https://www.cyclestreets.net/images/pois/iconsets/osm/transport_parking_bicycle.n.16.png
cycleparking-n9400950897,Un-named bicycle_parking,4,yes,stands,no,9400950897,53.80456,-1.52582,https://www.cyclestreets.net/images/pois/iconsets/osm/transport_parking_bicycle.n.16.png
cycleparking-n9015236067,Un-named bicycle_parking,12,yes,stands,no,9015236067,53.80383,-1.5499,https://www.cyclestreets.net/images/pois/iconsets/osm/transport_parking_bicycle.n.16.png
cycleparking-n9015236068,Un-named bicycle_parking,20,permissive,two-tier,yes,9015236068,53.80335,-1.54856,https://www.cyclestreets.net/images/pois/iconsets/osm/transport_parking_bicycle.n.16.png
cycleparking-n10043609284,Un-named bicycle_parking,20,yes,stands,yes,10043609284,53.80291,-1.54939,https://www.cyclestreets.net/images/pois/iconsets/osm/transport_parking_bicycle.n.16.png
cycleparking-n9813157186,Un-named bicycle_parking,,,wall_loops,no,9813157186,53.67092,-1.53671,https://www.cyclestreets.net/images/pois/iconsets/osm/transport_parking_bicycle.n.16.png
cycleparking-n9983930740,Un-named bicycle_parking,4,yes,stands,no,9983930740,53.8473,-1.53484,https://www.cyclestreets.net/images/pois/iconsets/osm/transport_parking_bicycle.n.16.png
cycleparking-n9983930741,Un-named bicycle_parking,4,yes,stands,no,9983930741,53.84719,-1.5344,https://www.cyclestreets.net/images/pois/iconsets/osm/transport_parking_bicycle.n.16.png
cycleparking-n9983930742,Un-named bicycle_parking,4,yes,stands,no,9983930742,53.84467,-1.53375,https://www.cyclestreets.net/images/pois/iconsets/osm/transport_parking_bicycle.n.16.png
cycleparking-n9983930743,Un-named bicycle_parking,4,yes,stands,no,9983930743,53.84373,-1.53358,https://www.cyclestreets.net/images/pois/iconsets/osm/transport_parking_bicycle.n.16.png
cycleparking-n9113011937,Un-named bicycle_parking,16,,stands,yes,9113011937,53.80938,-1.55381,https://www.cyclestreets.net/images/pois/iconsets/osm/transport_parking_bicycle.n.16.png
cycleparking-n9113011938,Un-named bicycle_parking,10,,stands,no,9113011938,53.80939,-1.55393,https://www.cyclestreets.net/images/pois/iconsets/osm/transport_parking_bicycle.n.16.png
cycleparking-n9113011966,Un-named bicycle_parking,10,,stands,no,9113011966,53.80889,-1.55361,https://www.cyclestreets.net/images/pois/iconsets/osm/transport_parking_bicycle.n.16.png
cycleparking-n9356498267,Un-named bicycle_parking,10,yes,stands,no,9356498267,53.80686,-1.55319,https://www.cyclestreets.net/images/pois/iconsets/osm/transport_parking_bicycle.n.16.png
cycleparking-n9963780881,Un-named bicycle_parking,4,private,wall_loops,no,9963780881,53.79553,-1.55098,https://www.cyclestreets.net/images/pois/iconsets/osm/transport_parking_bicycle.n.16.png
cycleparking-n10636657393,Un-named bicycle_parking,,,stands,no,10636657393,53.8087,-1.55411,https://www.cyclestreets.net/images/pois/iconsets/osm/transport_parking_bicycle.n.16.png
cycleparking-n9947963889,Un-named bicycle_parking,4,,,no,9947963889,53.79311,-1.55095,https://www.cyclestreets.net/images/pois/iconsets/osm/transport_parking_bicycle.n.16.png
cycleparking-n9963780880,Un-named bicycle_parking,10,private,stands,no,9963780880,53.79553,-1.55095,https://www.cyclestreets.net/images/pois/iconsets/osm/transport_parking_bicycle.n.16.png
cycleparking-n9983956076,Un-named bicycle_parking,4,yes,stands,no,9983956076,53.80041,-1.54721,https://www.cyclestreets.net/images/pois/iconsets/osm/transport_parking_bicycle.n.16.png
cycleparking-n9983956078,Un-named bicycle_parking,8,yes,stands,no,9983956078,53.79964,-1.54704,https://www.cyclestreets.net/images/pois/iconsets/osm/transport_parking_bicycle.n.16.png
cycleparking-n9984198320,Un-named bicycle_parking,8,unknown,stands,no,9984198320,53.78852,-1.55088,https://www.cyclestreets.net/images/pois/iconsets/osm/transport_parking_bicycle.n.16.png
cycleparking-n9984198322,Un-named bicycle_parking,10,yes,stands,no,9984198322,53.78835,-1.54952,https://www.cyclestreets.net/images/pois/iconsets/osm/transport_parking_bicycle.n.16.png
cycleparking-n9984198324,Un-named bicycle_parking,10,unknown,stands,no,9984198324,53.78914,-1.54881,https://www.cyclestreets.net/images/pois/iconsets/osm/transport_parking_bicycle.n.16.png
cycleparking-n10043673048,Un-named bicycle_parking,5,permit,lockers,yes,10043673048,53.80371,-1.54798,https://www.cyclestreets.net/images/pois/iconsets/osm/transport_parking_bicycle.n.16.png
cycleparking-n10043673049,Un-named bicycle_parking,16,yes,stands,no,10043673049,53.80567,-1.54904,https://www.cyclestreets.net/images/pois/iconsets/osm/transport_parking_bicycle.n.16.png
cycleparking-n10043673050,Un-named bicycle_parking,14,yes,stands,no,10043673050,53.80583,-1.54922,https://www.cyclestreets.net/images/pois/iconsets/osm/transport_parking_bicycle.n.16.png
cycleparking-n10045958480,Un-named bicycle_parking,6,yes,stands,no,10045958480,53.79948,-1.54662,https://www.cyclestreets.net/images/pois/iconsets/osm/transport_parking_bicycle.n.16.png
cycleparking-n10045959445,Un-named bicycle_parking,16,yes,stands,no,10045959445,53.80357,-1.55013,https://www.cyclestreets.net/images/pois/iconsets/osm/transport_parking_bicycle.n.16.png
cycleparking-n10045967394,Un-named bicycle_parking,10,,stands,no,10045967394,53.79955,-1.54724,https://www.cyclestreets.net/images/pois/iconsets/osm/transport_parking_bicycle.n.16.png
cycleparking-n10068953189,Un-named bicycle_parking,10,yes,stands,no,10068953189,53.8055,-1.54877,https://www.cyclestreets.net/images/pois/iconsets/osm/transport_parking_bicycle.n.16.png
cycleparking-n10082540232,Un-named bicycle_parking,8,yes,stands,no,10082540232,53.80648,-1.54871,https://www.cyclestreets.net/images/pois/iconsets/osm/transport_parking_bicycle.n.16.png
cycleparking-n9718240084,Un-named bicycle_parking,,,stands,no,9718240084,53.79388,-1.53706,https://www.cyclestreets.net/images/pois/iconsets/osm/transport_parking_bicycle.n.16.png
cycleparking-n9741918716,Un-named bicycle_parking,8,yes,stands,no,9741918716,53.80103,-1.53183,https://www.cyclestreets.net/images/pois/iconsets/osm/transport_parking_bicycle.n.16.png
cycleparking-n9741946022,Un-named bicycle_parking,8,yes,stands,no,9741946022,53.79596,-1.54086,https://www.cyclestreets.net/images/pois/iconsets/osm/transport_parking_bicycle.n.16.png
cycleparking-n9741967218,Un-named bicycle_parking,2,,stands,no,9741967218,53.80127,-1.53158,https://www.cyclestreets.net/images/pois/iconsets/osm/transport_parking_bicycle.n.16.png
cycleparking-n9741967219,Un-named bicycle_parking,2,yes,stands,no,9741967219,53.8013,-1.53156,https://www.cyclestreets.net/images/pois/iconsets/osm/transport_parking_bicycle.n.16.png
cycleparking-n9741997780,Un-named bicycle_parking,2,yes,stands,,9741997780,53.80098,-1.53173,https://www.cyclestreets.net/images/pois/iconsets/osm/transport_parking_bicycle.n.16.png
cycleparking-n9983992029,Un-named bicycle_parking,2,yes,stands,no,9983992029,53.80192,-1.53102,https://www.cyclestreets.net/images/pois/iconsets/osm/transport_parking_bicycle.n.16.png
cycleparking-n9983992031,Un-named bicycle_parking,2,yes,stands,no,9983992031,53.80189,-1.53106,https://www.cyclestreets.net/images/pois/iconsets/osm/transport_parking_bicycle.n.16.png
cycleparking-n9983992032,Un-named bicycle_parking,2,yes,stands,no,9983992032,53.80206,-1.53073,https://www.cyclestreets.net/images/pois/iconsets/osm/transport_parking_bicycle.n.16.png
cycleparking-n9983992034,Un-named bicycle_parking,2,yes,stands,no,9983992034,53.80203,-1.53075,https://www.cyclestreets.net/images/pois/iconsets/osm/transport_parking_bicycle.n.16.png
cycleparking-n9984003393,Un-named bicycle_parking,6,yes,stands,no,9984003393,53.80039,-1.53934,https://www.cyclestreets.net/images/pois/iconsets/osm/transport_parking_bicycle.n.16.png
cycleparking-n9411283965,Un-named bicycle_parking,32,private,stands,yes,9411283965,53.82616,-1.59626,https://www.cyclestreets.net/images/pois/iconsets/osm/transport_parking_bicycle.n.16.png
cycleparking-n9015407291,Un-named bicycle_parking,8,yes,stands,no,9015407291,53.8272,-1.59409,https://www.cyclestreets.net/images/pois/iconsets/osm/transport_parking_bicycle.n.16.png
cycleparking-n9015407292,Un-named bicycle_parking,20,,stands,yes,9015407292,53.82809,-1.59393,https://www.cyclestreets.net/images/pois/iconsets/osm/transport_parking_bicycle.n.16.png
cycleparking-n9015407293,Un-named bicycle_parking,18,yes,stands,yes,9015407293,53.82766,-1.59212,https://www.cyclestreets.net/images/pois/iconsets/osm/transport_parking_bicycle.n.16.png
cycleparking-n9015407294,Un-named bicycle_parking (Lies within a private area.),8,,stands,yes,9015407294,53.82682,-1.5916,https://www.cyclestreets.net/images/pois/iconsets/osm/transport_parking_bicycle.n.16.png
cycleparking-n9015407295,Un-named bicycle_parking (Lies within a private area.),8,,stands,yes,9015407295,53.82622,-1.59158,https://www.cyclestreets.net/images/pois/iconsets/osm/transport_parking_bicycle.n.16.png
cycleparking-n9173988557,Un-named bicycle_parking,6,,stands,no,9173988557,53.8558,-1.59121,https://www.cyclestreets.net/images/pois/iconsets/osm/transport_parking_bicycle.n.16.png
cycleparking-n9411283964,Un-named bicycle_parking,16,yes,stands,,9411283964,53.82577,-1.59493,https://www.cyclestreets.net/images/pois/iconsets/osm/transport_parking_bicycle.n.16.png
cycleparking-n10043691305,Un-named bicycle_parking,6,permit,lockers,yes,10043691305,53.82775,-1.59228,https://www.cyclestreets.net/images/pois/iconsets/osm/transport_parking_bicycle.n.16.png
cycleparking-n10043691306,Un-named bicycle_parking,,permit,lockers,yes,10043691306,53.82798,-1.59224,https://www.cyclestreets.net/images/pois/iconsets/osm/transport_parking_bicycle.n.16.png
cycleparking-n11100293135,Un-named bicycle_parking,6,,stands,,11100293135,53.80152,-1.59292,https://www.cyclestreets.net/images/pois/iconsets/osm/transport_parking_bicycle.n.16.png
cycleparking-n9278846294,Un-named bicycle_parking,,,stands,yes,9278846294,53.81038,-1.58589,https://www.cyclestreets.net/images/pois/iconsets/osm/transport_parking_bicycle.n.16.png
cycleparking-n9345894495,Un-named bicycle_parking,2,,stands,no,9345894495,53.81772,-1.58679,https://www.cyclestreets.net/images/pois/iconsets/osm/transport_parking_bicycle.n.16.png
cycleparking-n9675338906,Un-named bicycle_parking,4,,stands,no,9675338906,53.81296,-1.58899,https://www.cyclestreets.net/images/pois/iconsets/osm/transport_parking_bicycle.n.16.png
cycleparking-n7650567516,Un-named bicycle_parking,10,,stands,no,7650567516,53.75325,-1.39615,https://www.cyclestreets.net/images/pois/iconsets/osm/transport_parking_bicycle.n.16.png
cycleparking-n10009918011,Un-named bicycle_parking,,permit,shed,yes,10009918011,53.79835,-1.42608,https://www.cyclestreets.net/images/pois/iconsets/osm/transport_parking_bicycle.n.16.png
cycleparking-n11040594041,Un-named bicycle_parking,6,,stands,no,11040594041,53.70829,-1.25668,https://www.cyclestreets.net/images/pois/iconsets/osm/transport_parking_bicycle.n.16.png
cycleparking-n8387914118,Un-named bicycle_parking,,,,,8387914118,53.80638,-1.4494,https://www.cyclestreets.net/images/pois/iconsets/osm/transport_parking_bicycle.n.16.png
cycleparking-n8388127310,Un-named bicycle_parking,,,,,8388127310,53.80672,-1.45063,https://www.cyclestreets.net/images/pois/iconsets/osm/transport_parking_bicycle.n.16.png
cycleparking-n10888050371,Un-named bicycle_parking,10,,stands,no,10888050371,53.79665,-1.38284,https://www.cyclestreets.net/images/pois/iconsets/osm/transport_parking_bicycle.n.16.png
cycleparking-n10016435473,Un-named bicycle_parking,,,,,10016435473,53.74443,-1.3172,https://www.cyclestreets.net/images/pois/iconsets/osm/transport_parking_bicycle.n.16.png
cycleparking-n10224025094,Un-named bicycle_parking,,,stands,,10224025094,53.70905,-1.34182,https://www.cyclestreets.net/images/pois/iconsets/osm/transport_parking_bicycle.n.16.png
cycleparking-n3557372492,Un-named bicycle_parking,4,,stands,no,3557372492,53.90518,-1.34672,https://www.cyclestreets.net/images/pois/iconsets/osm/transport_parking_bicycle.n.16.png
cycleparking-n3557381812,Un-named bicycle_parking,2,,stands,no,3557381812,53.90515,-1.34677,https://www.cyclestreets.net/images/pois/iconsets/osm/transport_parking_bicycle.n.16.png
cycleparking-n3626724726,Un-named bicycle_parking,6,,stands,no,3626724726,53.85105,-1.60544,https://www.cyclestreets.net/images/pois/iconsets/osm/transport_parking_bicycle.n.16.png
cycleparking-n3626724729,Un-named bicycle_parking,4,,stands,no,3626724729,53.84865,-1.60399,https://www.cyclestreets.net/images/pois/iconsets/osm/transport_parking_bicycle.n.16.png
cycleparking-n3626789283,Un-named bicycle_parking,4,,stands,no,3626789283,53.85807,-1.62257,https://www.cyclestreets.net/images/pois/iconsets/osm/transport_parking_bicycle.n.16.png
cycleparking-n2455000852,Un-named bicycle_parking (Lies within a private area.),100,,stands,yes,2455000852,53.82713,-1.59125,https://www.cyclestreets.net/images/pois/iconsets/osm/transport_parking_bicycle.n.16.png
cycleparking-n2596692510,Un-named bicycle_parking,10,yes,stands,yes,2596692510,53.82842,-1.56698,https://www.cyclestreets.net/images/pois/iconsets/osm/transport_parking_bicycle.n.16.png
cycleparking-n3620307902,Un-named bicycle_parking,4,,stands,no,3620307902,53.84747,-1.55768,https://www.cyclestreets.net/images/pois/iconsets/osm/transport_parking_bicycle.n.16.png
cycleparking-n3558882679,Un-named bicycle_parking,4,,stands,no,3558882679,53.92843,-1.3868,https://www.cyclestreets.net/images/pois/iconsets/osm/transport_parking_bicycle.n.16.png
cycleparking-n3558882685,Un-named bicycle_parking,4,,stands,no,3558882685,53.9283,-1.38677,https://www.cyclestreets.net/images/pois/iconsets/osm/transport_parking_bicycle.n.16.png
cycleparking-n3559056780,Un-named bicycle_parking,2,,stands,no,3559056780,53.92866,-1.38736,https://www.cyclestreets.net/images/pois/iconsets/osm/transport_parking_bicycle.n.16.png
cycleparking-n8786818069,Un-named bicycle_parking,6,yes,shed,yes,8786818069,53.82046,-1.55304,https://www.cyclestreets.net/images/pois/iconsets/osm/transport_parking_bicycle.n.16.png
cycleparking-n8789307828,Un-named bicycle_parking,6,,stands,no,8789307828,53.81532,-1.56348,https://www.cyclestreets.net/images/pois/iconsets/osm/transport_parking_bicycle.n.16.png
cycleparking-n8762658344,Un-named bicycle_parking,10,yes,stands,yes,8762658344,53.80418,-1.53209,https://www.cyclestreets.net/images/pois/iconsets/osm/transport_parking_bicycle.n.16.png
cycleparking-n8762746066,Un-named bicycle_parking,8,yes,stands,no,8762746066,53.79822,-1.53504,https://www.cyclestreets.net/images/pois/iconsets/osm/transport_parking_bicycle.n.16.png
cycleparking-n8769954542,Un-named bicycle_parking,12,yes,stands,no,8769954542,53.7988,-1.53442,https://www.cyclestreets.net/images/pois/iconsets/osm/transport_parking_bicycle.n.16.png
cycleparking-n8770009959,Un-named bicycle_parking,20,yes,stands,no,8770009959,53.79919,-1.53427,https://www.cyclestreets.net/images/pois/iconsets/osm/transport_parking_bicycle.n.16.png
cycleparking-n8786858552,Un-named bicycle_parking,,,stands,no,8786858552,53.81179,-1.51631,https://www.cyclestreets.net/images/pois/iconsets/osm/transport_parking_bicycle.n.16.png
cycleparking-n8807752854,Un-named bicycle_parking,2,yes,stands,no,8807752854,53.82641,-1.53518,https://www.cyclestreets.net/images/pois/iconsets/osm/transport_parking_bicycle.n.16.png
cycleparking-n8807752855,Un-named bicycle_parking,9,,wall_loops,no,8807752855,53.82563,-1.53523,https://www.cyclestreets.net/images/pois/iconsets/osm/transport_parking_bicycle.n.16.png
cycleparking-n8807752856,Un-named bicycle_parking,6,,stands,no,8807752856,53.82538,-1.53425,https://www.cyclestreets.net/images/pois/iconsets/osm/transport_parking_bicycle.n.16.png
cycleparking-n8807752857,Un-named bicycle_parking,,,wall_loops,,8807752857,53.82216,-1.53059,https://www.cyclestreets.net/images/pois/iconsets/osm/transport_parking_bicycle.n.16.png
cycleparking-n8807752858,Un-named bicycle_parking,4,,stands,no,8807752858,53.81495,-1.53254,https://www.cyclestreets.net/images/pois/iconsets/osm/transport_parking_bicycle.n.16.png
cycleparking-n8807752859,Un-named bicycle_parking,,,wall_loops,,8807752859,53.81162,-1.53523,https://www.cyclestreets.net/images/pois/iconsets/osm/transport_parking_bicycle.n.16.png
cycleparking-n7929558845,Un-named bicycle_parking,4,,stands,no,7929558845,53.81205,-1.57771,https://www.cyclestreets.net/images/pois/iconsets/osm/transport_parking_bicycle.n.16.png
cycleparking-n8789307821,Un-named bicycle_parking,14,yes,stands,no,8789307821,53.80745,-1.58641,https://www.cyclestreets.net/images/pois/iconsets/osm/transport_parking_bicycle.n.16.png
cycleparking-n8789307825,Un-named bicycle_parking,4,yes,stands,no,8789307825,53.80677,-1.58377,https://www.cyclestreets.net/images/pois/iconsets/osm/transport_parking_bicycle.n.16.png
cycleparking-n8789307826,Un-named bicycle_parking,6,yes,stands,yes,8789307826,53.80755,-1.58014,https://www.cyclestreets.net/images/pois/iconsets/osm/transport_parking_bicycle.n.16.png
cycleparking-n8789307827,Un-named bicycle_parking,3,yes,wave,no,8789307827,53.81243,-1.56898,https://www.cyclestreets.net/images/pois/iconsets/osm/transport_parking_bicycle.n.16.png
cycleparking-n8792998259,Un-named bicycle_parking,60,customers,stands,,8792998259,53.81839,-1.58287,https://www.cyclestreets.net/images/pois/iconsets/osm/transport_parking_bicycle.n.16.png
cycleparking-n8432016029,Un-named bicycle_parking,,,,,8432016029,53.80297,-1.55192,https://www.cyclestreets.net/images/pois/iconsets/osm/transport_parking_bicycle.n.16.png
cycleparking-n8511542342,Un-named bicycle_parking,12,yes,stands,no,8511542342,53.80794,-1.55856,https://www.cyclestreets.net/images/pois/iconsets/osm/transport_parking_bicycle.n.16.png
cycleparking-n8511542343,Un-named bicycle_parking,10,,stands,no,8511542343,53.80801,-1.55868,https://www.cyclestreets.net/images/pois/iconsets/osm/transport_parking_bicycle.n.16.png
cycleparking-n8709807386,Un-named bicycle_parking,2,yes,stands,no,8709807386,53.79855,-1.55203,https://www.cyclestreets.net/images/pois/iconsets/osm/transport_parking_bicycle.n.16.png
cycleparking-n8758369535,Un-named bicycle_parking,10,yes,rack,no,8758369535,53.79913,-1.55106,https://www.cyclestreets.net/images/pois/iconsets/osm/transport_parking_bicycle.n.16.png
cycleparking-n8758369536,Un-named bicycle_parking,4,yes,stands,no,8758369536,53.79866,-1.55277,https://www.cyclestreets.net/images/pois/iconsets/osm/transport_parking_bicycle.n.16.png
cycleparking-n8758369537,Un-named bicycle_parking,2,yes,stands,no,8758369537,53.79928,-1.55249,https://www.cyclestreets.net/images/pois/iconsets/osm/transport_parking_bicycle.n.16.png
cycleparking-n8762781482,Un-named bicycle_parking,10,yes,stands,no,8762781482,53.80518,-1.55065,https://www.cyclestreets.net/images/pois/iconsets/osm/transport_parking_bicycle.n.16.png
cycleparking-n8762781483,Un-named bicycle_parking (Lies within a private area.),12,yes,stands,no,8762781483,53.80431,-1.55224,https://www.cyclestreets.net/images/pois/iconsets/osm/transport_parking_bicycle.n.16.png
cycleparking-n8762781485,Un-named bicycle_parking,16,yes,stands,no,8762781485,53.80442,-1.55301,https://www.cyclestreets.net/images/pois/iconsets/osm/transport_parking_bicycle.n.16.png
cycleparking-n8786858555,Un-named bicycle_parking,20,yes,stands,no,8786858555,53.80866,-1.55177,https://www.cyclestreets.net/images/pois/iconsets/osm/transport_parking_bicycle.n.16.png
cycleparking-n8666979334,Un-named bicycle_parking,5,,stands,,8666979334,53.8053,-1.56478,https://www.cyclestreets.net/images/pois/iconsets/osm/transport_parking_bicycle.n.16.png
cycleparking-n8675273585,Un-named bicycle_parking,10,customers,stands,no,8675273585,53.79752,-1.57699,https://www.cyclestreets.net/images/pois/iconsets/osm/transport_parking_bicycle.n.16.png
cycleparking-n8780983857,Un-named bicycle_parking,12,customers,shed,yes,8780983857,53.80345,-1.57959,https://www.cyclestreets.net/images/pois/iconsets/osm/transport_parking_bicycle.n.16.png
cycleparking-n8789307822,Un-named bicycle_parking,10,yes,stands,yes,8789307822,53.80591,-1.58394,https://www.cyclestreets.net/images/pois/iconsets/osm/transport_parking_bicycle.n.16.png
cycleparking-n8789307823,Un-named bicycle_parking,10,yes,wall_loops,no,8789307823,53.80482,-1.58179,https://www.cyclestreets.net/images/pois/iconsets/osm/transport_parking_bicycle.n.16.png
